query_id,algorithm,path,hops,cost_km,expanded,max_frontier,runtime_ms,gap_pct
Q1,UCS,KUL-> HKT-> LED-> HEL-> KEF,4,11461.348578050694,1851,616,27.86839986220002,0.0
Q1,GBFS,KUL-> LHR-> KEF,2,12500.498489789588,2,246,22.854099981486797,9.066558831732419
Q1,A*,KUL-> HKT-> LED-> HEL-> KEF,4,11461.348578050694,69,409,15.623799990862608,0.0
Q2,UCS,SIN-> JNB-> GRU-> EZE,3,17817.356252826285,3002,620,27.451999951153994,0.0
Q2,GBFS,SIN-> JNB-> GRU-> EZE,3,17817.356252826285,3,262,11.936299968510866,0.0
Q2,A*,SIN-> JNB-> GRU-> EZE,3,17817.356252826285,151,330,9.350999956950545,0.0
Q3,UCS,NRT-> HKG-> MRU-> CPT,3,14813.319264012905,3042,1018,27.902800124138594,0.0
Q3,GBFS,NRT-> DOH-> JNB-> CPT,3,15811.29463537717,3,234,7.120300084352493,6.7370138560958415
Q3,A*,NRT-> HKG-> MRU-> CPT,3,14813.319264012905,63,496,10.250400053337216,0.0
Q1,Weighted A* (1.5h),KUL-> AMS-> KEF,2,12274.31753121269,2,317,15.878899954259396,7.093135224234337
Q2,Weighted A* (1.5h),SIN-> JNB-> GRU-> EZE,3,17817.356252826285,3,262,21.482500014826655,0.0
Q3,Weighted A* (1.5h),NRT-> CMB-> SEZ-> JNB-> CPT,4,14929.353967643605,4,189,13.092700159177184,0.7833133247360013
